,open,low,high,volume,close
2013-01-02,90.9,90.9,92.3,6996.263,90.9
2013-01-03,91.2,90.4,91.9,8447.517,90.5
2013-01-04,90.5,89.2,90.5,8054.106,89.5
2013-01-07,89.5,88.2,89.5,7488.044,88.2
2013-01-08,88.2,87.4,88.6,8142.233,87.7
2013-01-09,87.7,87.5,89.5,7095.798,88.3
2013-01-10,88.4,86.3,88.7,16290.547,86.9
2013-01-11,87.6,87.6,89.6,15326.345,89.4
2013-01-14,89.3,88.2,89.4,7585.124,88.6
2013-01-15,88.4,85.0,88.4,14159.952,85.8
2013-01-16,85.0,84.8,87.3,14820.926,86.9
2013-01-17,87.2,84.8,88.4,9705.419,85.0
2013-01-18,85.5,85.5,86.6,6475.096,86.3
2013-01-21,85.8,84.4,85.8,5582.525,85.0
2013-01-22,85.3,85.0,86.7,6125.079,86.2
2013-01-23,86.3,84.8,86.5,7343.061,85.1
2013-01-24,84.0,83.0,84.6,9093.18,83.7
2013-01-25,83.5,83.4,84.2,4692.099,83.8
2013-01-28,84.6,84.6,86.0,7787.534,85.6
2013-01-29,86.5,86.5,87.7,8652.278,87.7
2013-01-30,88.0,86.2,88.1,10959.929,86.9
2013-01-31,86.9,86.1,86.9,6127.65,86.3
2013-02-01,86.3,86.3,87.5,5422.288,86.5
2013-02-04,86.9,85.8,87.0,5426.705,86.1
2013-02-05,85.8,84.4,85.8,5266.249,84.8
2013-02-06,85.1,84.5,85.4,6214.332,84.5
2013-02-18,84.6,83.2,84.7,7345.847,83.3
2013-02-19,83.3,83.3,86.7,10837.708,85.5
2013-02-20,85.7,85.1,86.1,6547.156,85.6
2013-02-21,85.6,84.2,85.6,5290.251,84.3
2013-02-22,84.0,83.6,84.6,3959.684,84.1
2013-02-23,84.3,83.9,84.7,2202.68,84.2
2013-02-25,84.2,84.0,85.5,3720.728,84.1
2013-02-26,83.6,82.4,83.9,8134.198,82.4
2013-02-27,82.5,81.3,83.0,11648.646,81.5
2013-03-01,81.8,81.4,82.5,5404.488,81.5
2013-03-04,81.8,80.2,81.9,6378.659,80.6
2013-03-05,80.6,79.6,80.9,6857.197,80.4
2013-03-06,81.1,80.9,82.4,7234.5,81.5
2013-03-07,81.9,81.2,82.6,4209.312,81.2
2013-03-08,81.6,81.1,82.6,5619.519,81.2
2013-03-11,81.0,80.4,81.6,4048.675,81.2
2013-03-12,81.0,80.5,82.3,8346.271,81.8
2013-03-13,81.9,80.9,82.3,4598.416,81.0
2013-03-14,81.1,80.8,82.0,4071.822,81.1
2013-03-15,81.2,80.0,81.9,8053.947,80.0
2013-03-18,79.8,79.8,81.4,5487.178,80.2
2013-03-19,80.6,80.6,82.8,9141.508,82.3
2013-03-20,82.0,81.1,82.2,6327.747,81.3
2013-03-21,81.6,80.9,82.1,4853.479,80.9
2013-03-22,80.9,80.9,82.2,6730.593,81.4
2013-03-25,82.1,81.1,82.3,3460.684,81.2
2013-03-26,81.9,81.9,84.0,14091.692,83.2
2013-03-27,83.5,82.4,83.6,7363.657,82.8
2013-03-28,83.8,82.3,83.8,5114.118,82.4
2013-03-29,83.2,82.5,83.5,4783.362,83.2
2013-04-01,83.2,82.4,83.6,4082.564,83.2
2013-04-02,83.2,82.5,83.3,3661.868,82.5
2013-04-03,82.6,81.8,82.9,4162.208,82.0
2013-04-08,80.2,79.4,80.7,8674.281,79.9
2013-04-09,80.0,79.6,80.6,5086.115,79.7
2013-04-10,80.1,79.8,80.4,2889.039,79.8
2013-04-11,79.7,79.0,80.3,5311.791,80.3
2013-04-12,80.5,78.7,80.5,6267.695,78.8
2013-04-15,78.5,77.1,79.4,6792.941,77.9
2013-04-16,77.1,77.1,78.4,4480.89,78.4
2013-04-17,78.4,78.3,79.0,4326.447,78.3
2013-04-18,77.3,77.3,78.7,3535.69,78.0
2013-04-19,78.3,78.1,79.7,4674.529,78.6
2013-04-22,78.3,77.4,78.5,3631.396,77.7
2013-04-23,77.8,77.6,78.5,2215.039,78.3
2013-04-24,78.7,78.4,79.2,3305.129,79.2
2013-04-25,78.9,77.9,78.9,3723.803,78.2
2013-04-26,78.3,77.4,78.5,3716.44,77.4
2013-04-29,77.9,77.0,78.0,2578.989,77.1
2013-04-30,77.5,77.5,78.7,3698.86,77.9
2013-05-02,77.9,77.5,80.0,7130.488,79.4
2013-05-03,80.0,79.7,81.4,8002.982,80.6
2013-05-06,81.2,80.9,81.7,6962.155,80.9
2013-05-07,81.6,80.5,81.6,3629.531,80.5
2013-05-08,80.6,80.6,82.0,8412.771,81.9
2013-05-09,82.9,82.0,83.0,8390.589,82.0
2013-05-10,82.0,80.6,82.4,4845.961,80.8
2013-05-13,80.1,80.1,81.3,3571.899,80.3
2013-05-14,80.6,79.9,81.1,3719.791,79.9
2013-05-15,80.2,79.3,80.4,4019.298,80.4
2013-05-16,81.1,81.0,81.8,4995.989,81.3
2013-05-17,81.5,80.5,81.8,4500.503,80.5
2013-05-20,81.3,80.2,81.4,3156.656,80.4
2013-05-21,80.9,80.7,81.6,4493.773,81.5
2013-05-22,81.9,81.8,82.8,6714.552,82.1
2013-05-23,82.1,80.6,82.3,5233.683,80.8
2013-05-24,81.4,79.5,81.4,4812.601,79.9
2013-05-27,79.5,79.5,80.5,1851.677,80.5
2013-05-28,80.5,79.8,80.5,2350.896,80.0
2013-05-29,80.4,80.4,81.5,3876.492,81.3
2013-05-30,81.0,80.1,81.2,3688.137,80.1
2013-05-31,81.2,80.0,81.2,6164.808,81.0
2013-06-03,80.1,80.0,80.9,2536.13,80.4
2013-06-04,80.7,80.5,81.1,3045.161,80.7
2013-06-05,81.1,80.0,81.1,4208.475,80.0
2013-06-06,80.0,78.5,80.0,5273.646,78.5
2013-06-07,78.9,78.5,79.4,3926.575,79.0
2013-06-10,80.1,79.0,80.3,2962.824,79.4
2013-06-11,79.9,78.5,79.9,2527.081,78.5
2013-06-13,77.5,74.8,78.0,8160.399,75.2
2013-06-14,75.4,74.8,76.0,3684.616,75.0
2013-06-17,75.2,73.5,75.6,3923.501,73.8
2013-06-18,74.0,73.8,74.8,2788.77,73.8
2013-06-19,74.4,74.2,75.2,2640.646,74.2
2013-06-20,73.5,72.1,73.8,3601.256,72.2
2013-06-21,70.3,70.0,71.5,5252.884,71.2
2013-06-24,71.2,71.0,71.8,3578.523,71.0
2013-06-25,71.2,70.3,71.6,3702.931,70.3
2013-06-26,71.5,70.9,72.3,5229.281,72.2
2013-06-27,72.5,71.4,72.8,4133.539,71.4
2013-06-28,72.0,71.8,72.8,4161.241,72.8
2013-07-01,72.8,72.5,73.9,2343.023,73.5
2013-07-02,74.3,73.0,74.3,2565.915,73.0
2013-07-03,73.5,71.8,73.9,3064.949,71.9
2013-07-04,72.0,71.5,72.5,2013.646,71.7
2013-07-05,72.5,72.0,73.4,2268.796,72.8
2013-07-08,73.1,71.2,73.2,3389.14,71.5
2013-07-09,71.8,71.5,72.5,2921.592,72.0
2013-07-10,72.2,71.9,73.6,6298.21,72.2
2013-07-11,73.0,73.0,74.6,7129.4,74.6
2013-07-12,75.0,74.1,75.0,3773.0,74.9
2013-07-15,74.9,74.5,76.0,3387.828,75.6
2013-07-16,75.9,75.1,75.9,2475.515,75.9
2013-07-17,75.8,74.8,75.9,2820.652,75.5
2013-07-18,75.4,74.6,75.8,2641.663,75.1
2013-07-19,74.6,74.0,75.5,3808.202,74.1
2013-07-22,74.8,74.5,75.4,2900.958,75.0
2013-07-23,75.8,75.3,76.5,3616.268,76.3
2013-07-24,77.0,76.4,77.4,3270.753,76.6
2013-07-25,76.6,76.2,77.4,2232.034,76.3
2013-07-26,76.7,76.0,77.0,1726.263,76.0
2013-07-29,76.7,75.5,76.7,1455.685,75.7
2013-07-30,76.0,75.5,76.3,1704.359,76.2
2013-07-31,76.3,74.5,76.4,3241.805,74.5
2013-08-01,74.5,73.0,75.0,2756.493,73.1
2013-08-02,74.0,73.5,74.6,2588.386,73.9
2013-08-05,74.3,74.0,78.5,8562.141,78.4
2013-08-06,78.1,76.6,78.1,4501.444,77.7
2013-08-07,76.0,76.0,78.4,6285.788,78.0
2013-08-08,77.8,77.5,78.4,3569.642,77.6
2013-08-09,77.6,76.5,77.7,3294.19,77.2
2013-08-12,77.2,77.1,78.3,3342.261,78.3
2013-08-13,79.1,79.0,80.8,7313.265,79.5
2013-08-14,80.4,77.8,80.4,6802.847,78.2
2013-08-15,78.2,77.7,79.0,3973.503,78.6
2013-08-16,77.8,77.8,79.4,3189.166,78.7
2013-08-19,78.7,78.2,79.7,3140.272,79.3
2013-08-20,79.0,78.8,80.1,3801.825,79.1
2013-08-22,79.1,78.3,79.8,5294.896,79.4
2013-08-23,79.5,79.2,80.0,10077.47,79.5
2013-08-26,75.5,75.1,76.4,10294.589,76.2
2013-08-27,75.8,75.4,76.2,4023.14,75.4
2013-08-28,74.9,74.3,75.4,3494.397,75.0
2013-08-29,75.2,75.2,76.9,5159.517,76.5
2013-08-30,76.6,76.3,77.0,4275.72,76.3
2013-09-02,76.6,76.3,77.3,2874.163,76.7
2013-09-03,77.0,76.8,77.4,3028.244,77.1
2013-09-04,77.3,76.5,77.4,2922.843,76.8
2013-09-05,78.0,77.1,78.0,3503.899,77.2
2013-09-06,77.3,77.2,78.2,5178.809,77.7
2013-09-09,77.7,77.0,78.2,3263.461,77.4
2013-09-10,78.0,76.5,78.1,3331.752,76.6
2013-09-11,76.8,75.3,77.0,3861.238,76.5
2013-09-12,76.0,75.6,76.3,2392.48,76.0
2013-09-13,76.5,75.9,76.5,1780.897,76.0
2013-09-14,76.0,75.6,76.3,794.349,75.7
2013-09-16,76.5,76.1,76.6,1753.151,76.5
2013-09-17,76.2,75.7,76.8,2298.225,76.8
2013-09-18,76.9,76.1,77.0,3438.567,76.7
2013-09-23,76.7,76.2,76.8,2427.642,76.7
2013-09-24,77.1,77.0,77.9,3175.038,77.2
2013-09-25,77.7,77.0,77.7,2309.187,77.4
2013-09-26,77.0,76.0,77.4,2408.693,76.5
2013-09-27,76.5,76.2,77.7,3199.953,77.0
2013-09-30,77.0,76.2,77.3,4059.766,76.8
2013-10-01,77.0,76.5,77.4,2624.716,76.8
2013-10-02,77.4,76.1,77.4,2069.716,76.1
2013-10-03,76.1,76.1,77.3,3188.687,77.1
2013-10-04,77.0,76.6,77.5,1940.332,76.6
2013-10-07,76.3,76.0,76.9,2101.662,76.1
2013-10-08,76.1,75.6,76.6,1765.347,76.6
2013-10-09,76.3,75.8,76.5,1540.362,76.4
2013-10-11,76.8,75.2,77.0,4428.413,75.5
2013-10-14,75.2,73.1,75.5,4201.382,73.2
2013-10-15,73.3,73.1,74.2,2402.114,73.4
2013-10-16,73.4,73.4,73.9,1186.917,73.6
2013-10-17,74.5,73.5,74.5,1641.419,74.0
2013-10-18,74.3,73.5,74.7,1568.43,74.6
2013-10-21,75.3,74.7,75.6,1584.874,75.2
2013-10-22,75.4,74.5,75.5,1907.72,75.0
2013-10-23,75.0,74.5,75.7,2083.453,74.7
2013-10-24,74.5,74.5,75.1,1477.158,74.8
2013-10-25,74.8,74.1,75.0,2280.762,74.3
2013-10-28,74.3,73.8,74.6,2077.994,74.0
2013-10-29,74.0,73.1,74.5,2060.304,73.8
2013-10-30,74.2,73.2,74.2,2296.885,73.7
2013-10-31,74.0,73.2,74.6,3204.089,73.8
2013-11-01,73.9,73.3,74.3,2826.188,73.6
2013-11-04,74.0,73.1,74.0,2632.435,73.2
2013-11-05,73.2,71.3,74.0,3718.437,71.5
2013-11-06,71.5,71.3,72.4,3029.746,71.7
2013-11-07,72.0,71.6,72.2,1669.765,72.2
2013-11-08,72.0,71.6,72.1,1372.503,72.1
2013-11-11,72.1,71.2,72.3,2598.831,71.5
2013-11-12,71.8,70.0,71.9,4245.326,70.2
2013-11-13,69.3,67.3,69.3,6798.441,67.9
2013-11-14,68.0,68.0,69.0,3095.877,68.7
2013-11-15,68.7,68.1,69.0,2538.402,68.2
2013-11-18,68.2,68.0,68.6,1728.353,68.0
2013-11-19,68.0,68.0,68.7,2770.361,68.5
2013-11-20,68.1,66.4,68.4,5458.244,66.6
2013-11-21,66.4,64.0,66.4,8479.805,64.1
2013-11-22,64.1,64.1,65.1,3044.226,64.3
2013-11-25,65.0,64.7,65.2,2065.987,65.2
2013-11-26,65.2,65.1,66.5,3783.284,66.3
2013-11-27,66.5,66.4,67.2,2686.582,66.8
2013-11-28,67.1,66.5,67.3,2042.957,66.9
2013-11-29,66.9,66.9,71.0,10035.346,70.2
2013-12-02,71.0,70.8,72.2,5966.742,71.3
2013-12-03,71.3,70.3,71.3,3430.113,70.5
2013-12-04,70.0,70.0,71.5,4576.622,70.1
2013-12-05,70.7,69.9,70.7,2826.411,70.0
2013-12-06,70.0,70.0,71.1,3116.176,70.1
2013-12-09,71.0,69.0,71.2,4520.984,69.4
2013-12-10,69.5,69.5,70.3,2100.32,69.7
2013-12-11,71.0,69.0,71.2,4425.338,69.0
2013-12-12,68.5,68.4,69.4,1398.884,69.1
2013-12-13,69.0,68.8,69.5,1526.176,69.3
2013-12-16,69.3,68.3,69.5,1797.494,68.3
2013-12-17,68.5,68.0,68.8,2654.908,68.0
2013-12-18,68.0,68.0,68.7,2159.879,68.1
2013-12-19,68.8,68.5,69.2,1724.119,68.8
2013-12-20,68.8,68.1,69.1,1859.197,68.7
2013-12-23,69.6,69.0,69.6,2013.415,69.1
2013-12-24,69.6,69.3,70.6,4077.871,70.4
2013-12-25,70.8,70.4,70.9,2958.627,70.5
2013-12-26,70.5,70.0,70.7,1567.629,70.4
2013-12-27,70.4,70.3,70.9,3470.216,70.3
2013-12-30,70.4,70.2,70.9,3229.597,70.3
2013-12-31,70.3,69.5,70.6,3670.775,69.6
2014-01-02,69.7,69.7,70.3,2190.414,70.2
2014-01-03,70.0,69.3,70.0,1978.967,69.5
2014-01-06,69.6,68.7,70.1,1790.484,68.7
2014-01-07,68.9,68.9,69.7,1588.764,69.0
2014-01-08,69.5,69.1,69.8,2389.96,69.6
2014-01-09,69.8,69.4,71.1,6236.65,70.4
2014-01-10,70.9,70.2,71.1,3199.829,70.2
2014-01-13,69.5,68.0,69.6,6878.658,68.2
2014-01-14,68.0,68.0,68.9,2550.746,68.4
2014-01-15,68.8,68.6,69.9,5249.121,69.7
2014-01-16,70.1,70.0,70.8,5577.387,70.6
2014-01-17,70.6,70.0,70.8,2851.928,70.0
2014-01-20,70.2,69.8,70.3,3892.115,70.1
2014-01-21,70.1,69.8,70.5,2616.094,69.8
2014-01-22,69.8,69.5,70.5,2730.082,69.5
2014-01-23,69.7,69.0,70.2,2261.821,69.0
2014-01-24,69.0,68.8,69.6,1614.925,69.1
2014-01-27,68.1,67.9,68.8,4233.908,68.2
2014-02-05,67.0,66.0,67.3,5388.598,66.2
2014-02-06,66.3,66.3,66.9,2761.347,66.5
2014-02-07,67.8,67.0,67.8,2728.458,67.3
2014-02-10,67.5,67.4,68.2,2206.279,67.4
2014-02-11,65.4,64.6,67.4,5193.999,67.4
2014-02-12,68.0,67.5,68.1,2299.634,67.7
2014-02-13,67.7,67.6,68.2,1607.693,67.8
2014-02-14,68.4,67.4,68.5,2609.961,67.4
2014-02-17,67.5,66.8,67.8,1898.158,66.8
2014-02-18,66.8,66.7,67.8,2033.735,67.8
2014-02-19,67.5,67.5,68.3,2800.671,68.3
2014-02-20,68.3,67.6,68.6,1725.445,68.2
2014-02-21,68.5,68.2,68.8,2334.69,68.5
2014-02-24,68.6,68.1,68.9,1566.232,68.4
2014-02-25,68.7,68.0,68.8,1707.192,68.0
2014-02-26,67.9,67.8,68.5,2358.494,67.9
2014-02-27,67.9,67.9,68.3,1935.421,68.1
2014-03-03,67.5,67.5,68.1,2227.009,67.7
2014-03-04,67.9,67.7,68.0,1802.751,67.8
2014-03-05,68.3,67.9,68.5,2568.619,68.1
2014-03-06,68.4,68.4,71.0,10787.551,71.0
2014-03-07,71.8,71.0,72.4,12502.037,71.5
2014-03-10,71.5,71.5,72.3,5930.675,71.8
2014-03-11,71.3,69.6,71.4,7802.482,70.2
2014-03-12,70.1,70.1,70.9,3073.223,70.9
2014-03-13,71.1,71.1,73.2,11891.947,72.2
2014-03-14,71.8,71.4,72.9,4915.422,72.2
2014-03-17,72.2,71.5,72.5,2833.067,71.9
2014-03-18,72.2,71.3,72.4,4200.027,71.8
2014-03-19,72.0,71.1,72.0,2402.447,71.2
2014-03-20,70.9,70.1,70.9,3439.787,70.1
2014-03-21,70.2,70.2,71.2,3055.7,70.7
2014-03-24,70.2,69.8,71.0,2190.547,70.9
2014-03-25,70.9,70.7,71.4,2802.741,71.0
2014-03-26,71.0,70.6,71.5,2509.063,70.6
2014-03-27,70.6,70.4,71.1,2033.178,70.5
2014-03-28,70.6,70.6,72.4,4824.2,70.9
2014-03-31,71.6,71.0,71.9,2360.218,71.8
2014-04-01,71.8,71.3,72.0,2165.077,71.7
2014-04-02,72.2,71.7,72.2,3026.375,72.0
2014-04-03,72.3,71.7,72.3,2216.223,71.9
2014-04-07,71.8,71.5,72.5,5074.612,72.5
2014-04-08,72.5,72.4,74.8,10744.656,74.0
2014-04-09,74.8,74.2,75.0,5370.25,74.6
2014-04-10,75.0,73.8,75.2,4864.551,74.3
2014-04-11,74.0,73.1,74.0,4584.599,74.0
2014-04-14,74.0,74.0,75.4,8571.299,75.1
2014-04-15,76.0,75.6,76.8,10350.194,75.7
2014-04-16,76.0,75.2,76.2,5361.995,75.7
2014-04-17,76.1,75.7,76.2,4084.256,76.1
2014-04-18,76.7,75.7,76.8,3785.81,75.9
2014-04-21,76.0,75.3,76.1,2090.299,75.5
2014-04-22,75.6,75.5,76.4,3571.702,76.2
2014-04-23,76.5,75.8,76.7,4336.013,76.4
2014-04-24,76.8,76.3,77.3,6429.806,76.5
2014-04-25,76.5,73.4,76.6,7648.772,74.5
2014-04-28,73.0,72.8,74.5,3880.437,74.1
2014-04-29,74.4,74.4,76.0,3773.056,75.9
2014-04-30,76.0,74.8,76.1,3402.834,75.0
2014-05-02,75.9,75.3,76.2,2814.382,75.5
2014-05-05,76.2,75.1,76.2,1442.619,75.4
2014-05-06,75.5,74.5,75.8,3363.633,74.7
2014-05-07,74.5,74.2,74.8,2671.292,74.5
2014-05-08,74.8,74.7,75.2,2549.223,74.7
2014-05-09,75.0,74.4,75.0,1974.195,74.5
2014-05-12,74.5,73.3,74.5,2644.885,73.3
2014-05-13,73.8,73.0,74.2,2359.792,73.2
2014-05-14,73.9,73.1,74.1,2172.474,74.1
2014-05-15,73.0,69.5,73.3,13341.894,70.8
2014-05-16,69.7,68.5,70.4,9367.686,69.9
2014-05-19,70.5,68.9,70.5,5269.314,68.9
2014-05-20,68.9,68.9,69.8,3278.275,69.8
2014-05-21,69.2,68.9,69.6,3048.475,69.0
2014-05-22,69.5,69.3,69.8,3244.932,69.5
2014-05-23,69.0,69.0,69.9,3059.688,69.8
2014-05-26,69.7,69.7,70.3,2763.344,70.0
2014-05-27,70.3,69.8,70.3,2289.553,70.2
2014-05-28,70.3,70.0,70.4,2555.118,70.4
2014-05-29,70.7,70.2,70.7,1919.258,70.2
2014-05-30,70.2,69.2,70.4,6387.758,69.2
2014-06-03,69.7,69.0,69.9,4164.566,69.3
2014-06-04,69.3,69.1,69.8,2346.46,69.2
2014-06-05,69.8,69.2,70.2,3570.831,70.2
2014-06-06,70.5,69.8,70.6,2143.289,69.9
2014-06-09,70.0,69.6,70.1,1176.889,69.7
2014-06-10,69.8,69.8,70.3,1719.868,70.2
2014-06-11,70.2,69.5,70.2,1701.934,69.7
2014-06-12,69.7,69.4,70.2,1636.907,70.1
2014-06-13,70.0,69.9,70.5,1410.569,70.0
2014-06-16,70.3,69.8,70.3,1324.381,69.8
2014-06-17,69.8,69.8,70.2,1979.536,69.8
2014-06-18,70.0,69.8,70.5,2903.861,70.3
2014-06-19,70.4,70.0,70.9,2368.446,70.0
2014-06-20,70.1,70.0,70.4,1837.348,70.3
2014-06-23,70.3,70.3,72.2,5610.431,70.5
2014-06-24,71.0,70.6,71.5,1927.188,70.7
2014-06-25,71.0,70.2,71.3,2888.379,70.2
2014-06-26,70.3,70.3,73.7,11349.024,72.8
2014-06-27,73.0,72.0,73.3,3636.052,72.1
2014-06-30,72.1,72.1,73.2,2653.459,72.4
2014-07-01,72.7,72.6,74.5,6371.172,73.9
2014-07-02,74.0,74.0,77.5,18252.624,75.2
2014-07-03,75.5,75.4,76.4,5640.592,75.4
2014-07-04,76.3,74.2,76.3,4971.402,74.5
2014-07-07,74.5,73.5,74.8,3464.552,73.6
2014-07-08,73.7,73.6,74.5,2099.32,73.8
2014-07-09,74.0,74.0,75.7,5629.976,74.8
2014-07-10,75.5,75.0,76.0,4241.075,75.0
2014-07-11,75.1,73.7,75.6,4606.499,74.0
2014-07-14,74.9,74.2,75.0,3192.384,74.5
2014-07-15,75.6,75.0,77.4,13217.523,76.9
2014-07-16,77.1,75.5,77.8,7222.382,75.5
2014-07-17,75.6,74.9,76.2,3659.183,75.5
2014-07-18,74.5,74.5,76.0,2554.541,75.5
2014-07-21,76.0,75.7,77.0,3207.16,76.1
2014-07-22,76.3,75.5,76.5,3484.09,76.0
2014-07-24,76.5,76.4,77.9,6865.114,76.6
2014-07-25,76.9,75.7,76.9,2752.143,76.1
2014-07-28,76.0,75.2,76.5,2583.411,75.5
2014-07-29,76.1,74.7,76.5,3628.255,75.0
2014-07-30,75.6,74.8,76.1,3064.81,75.1
2014-07-31,75.1,74.7,75.5,3289.841,74.8
2014-08-01,74.0,73.5,74.6,3369.397,74.0
2014-08-04,74.0,74.0,74.6,1702.952,74.1
2014-08-05,74.1,72.0,74.1,4705.63,72.4
2014-08-06,72.5,71.1,72.9,2353.615,72.0
2014-08-07,73.0,72.0,73.4,1405.041,72.4
2014-08-08,72.5,71.2,72.5,1547.681,72.0
2014-08-11,71.1,70.5,72.2,1512.114,71.8
2014-08-12,72.9,71.8,73.2,2011.773,72.4
2014-08-13,73.0,73.0,75.4,6448.913,75.1
2014-08-14,75.6,75.3,76.4,6925.172,75.6
2014-08-15,76.4,75.6,76.4,4618.576,76.1
2014-08-18,77.5,76.4,77.8,9626.455,77.3
2014-08-19,78.0,76.7,78.1,7285.345,76.9
2014-08-20,77.7,76.7,77.7,3953.638,76.7
2014-08-21,76.7,76.4,77.2,3255.294,76.5
2014-08-22,76.9,76.8,77.9,6690.201,77.1
2014-08-25,77.5,77.0,77.5,3922.094,77.1
2014-08-26,77.1,76.5,77.2,4408.514,76.8
2014-08-27,77.0,76.8,77.4,9703.727,77.0
2014-08-28,74.0,74.0,75.1,10569.961,74.8
2014-08-29,75.0,74.5,76.0,5963.65,75.0
2014-09-01,75.9,75.2,76.0,1968.582,75.4
2014-09-02,75.5,74.6,75.5,3276.42,74.9
2014-09-03,75.5,75.0,76.7,5957.995,75.0
2014-09-04,75.0,74.2,75.4,3220.139,74.5
2014-09-05,75.0,73.1,75.0,3081.678,74.2
2014-09-09,74.8,74.6,75.8,2581.262,75.1
2014-09-10,75.1,73.7,75.1,3014.699,74.2
2014-09-11,74.7,73.5,74.8,2699.102,73.7
2014-09-12,74.3,73.1,74.3,2136.311,73.1
2014-09-15,73.3,72.9,73.6,1636.224,73.3
2014-09-16,73.6,72.1,73.6,2849.731,72.3
2014-09-17,72.5,72.5,73.3,2063.494,73.0
2014-09-18,74.0,74.0,75.2,3721.3,74.6
2014-09-19,75.2,74.3,75.2,2678.421,74.6
2014-09-22,74.5,73.4,74.5,2311.075,74.3
2014-09-23,73.9,73.8,74.8,2089.817,74.6
2014-09-24,75.5,75.3,77.0,10921.443,76.0
2014-09-25,76.5,74.8,76.6,6593.725,74.8
2014-09-26,74.5,74.0,75.7,3692.959,74.8
2014-09-29,75.9,75.2,75.9,3665.829,75.2
2014-09-30,75.6,74.0,75.6,4888.951,75.2
2014-10-01,75.2,75.1,76.8,6759.1,75.8
2014-10-02,75.8,75.5,76.3,5891.084,75.8
2014-10-03,76.3,75.9,76.9,5012.554,76.3
2014-10-06,76.8,76.4,77.7,9783.649,77.0
2014-10-07,77.0,76.4,77.4,6626.021,76.9
2014-10-08,76.9,76.3,77.4,4846.962,76.6
2014-10-09,77.4,76.5,78.0,5458.743,76.5
2014-10-13,75.0,72.8,75.0,5473.321,74.1
2014-10-14,74.5,74.5,76.2,4990.603,75.9
2014-10-15,76.0,73.6,76.1,7190.0,74.5
2014-10-16,74.5,73.2,75.5,5410.955,74.5
2014-10-17,75.7,72.1,75.7,8027.253,72.1
2014-10-20,74.9,73.8,75.0,5261.743,74.6
2014-10-21,75.0,74.4,75.4,2599.979,74.5
2014-10-22,76.0,75.0,76.0,4378.916,75.0
2014-10-23,75.0,74.9,75.5,2557.473,75.4
2014-10-24,75.8,74.8,75.8,3106.409,74.8
2014-10-27,75.4,74.6,75.7,2575.764,74.8
2014-10-28,75.7,75.6,77.1,10840.094,77.0
2014-10-29,77.3,76.6,77.4,6172.115,77.0
2014-10-30,77.4,77.0,79.9,20856.016,79.7
2014-10-31,80.1,79.7,81.5,18173.875,81.0
2014-11-03,82.0,81.2,82.8,14336.305,81.5
2014-11-04,81.9,81.5,82.5,8108.327,81.5
2014-11-05,81.5,81.4,83.5,10198.983,81.6
2014-11-06,81.6,79.5,82.4,8128.35,79.8
2014-11-07,80.0,79.9,81.4,7240.513,81.4
2014-11-10,82.4,81.5,83.0,8209.813,81.9
2014-11-11,82.5,82.3,83.3,10898.112,82.5
2014-11-12,82.5,81.6,83.8,12518.242,82.0
2014-11-13,82.3,82.2,83.8,11346.08,83.8
2014-11-14,84.1,83.0,84.8,14560.386,83.0
2014-11-17,84.0,82.6,84.3,14006.116,83.3
2014-11-18,83.8,83.2,84.1,9990.295,83.5
2014-11-19,84.0,83.9,86.5,25553.383,85.0
2014-11-20,85.6,85.1,87.4,17251.461,86.5
2014-11-21,87.0,86.6,87.6,15739.97,87.6
2014-11-24,88.0,86.2,88.2,10074.086,86.4
2014-11-25,87.4,86.4,88.5,15787.299,88.0
2014-11-26,88.0,86.6,88.1,8041.003,87.0
2014-11-27,87.2,86.4,87.9,7451.285,87.0
2014-11-28,87.2,86.5,87.5,6041.313,86.5
2014-12-01,85.5,85.1,88.4,11761.9,88.0
2014-12-02,87.9,86.5,88.0,9979.546,87.8
2014-12-03,88.2,87.7,90.4,14455.005,89.6
2014-12-04,90.2,89.8,92.7,14381.72,92.0
2014-12-05,91.8,89.6,91.8,9704.73,90.7
2014-12-08,90.7,85.8,90.7,16653.302,86.2
2014-12-09,86.2,86.2,87.8,8493.849,87.1
2014-12-10,87.5,83.8,88.0,13202.061,84.9
2014-12-11,85.6,85.1,87.9,12881.417,87.2
2014-12-12,88.6,87.6,89.2,9778.301,88.1
2014-12-15,86.6,86.6,87.9,5066.591,87.1
2014-12-16,87.1,85.4,87.3,8815.888,85.5
2014-12-17,85.6,85.5,86.4,5801.05,85.9
2014-12-18,87.2,86.4,87.7,6536.199,87.2
2014-12-19,88.1,84.5,88.5,9762.076,85.0
2014-12-22,86.2,85.5,87.8,6059.063,87.6
2014-12-23,87.9,86.6,88.0,2924.298,87.1
2014-12-24,87.1,86.8,87.8,2484.498,87.0
2014-12-25,87.4,86.5,87.6,1335.643,86.5
2014-12-26,86.5,86.2,86.9,1600.255,86.6
2014-12-27,87.2,86.6,87.2,678.421,86.8
2014-12-29,87.0,85.0,87.5,6238.742,85.7
2014-12-30,86.2,84.2,86.2,5072.199,85.9
2014-12-31,86.0,85.3,86.3,2150.06,85.3
2015-01-05,85.4,85.0,86.8,3126.478,85.8
2015-01-06,85.2,83.6,85.2,7148.591,83.6
2015-01-07,83.6,83.2,84.1,4890.513,83.5
2015-01-08,84.0,83.7,84.5,5366.094,84.4
2015-01-09,84.5,84.4,87.2,10690.318,86.9
2015-01-12,85.1,84.5,85.6,6861.699,84.5
2015-01-13,85.0,84.7,86.5,6998.879,86.2
2015-01-14,86.2,85.2,86.3,5270.091,86.0
2015-01-15,86.0,85.1,86.1,4616.851,85.3
2015-01-16,86.0,83.7,86.0,5213.638,83.9
2015-01-19,85.2,82.1,85.2,5464.545,82.5
2015-01-20,82.6,82.5,83.7,4006.101,83.6
2015-01-21,83.6,83.0,84.3,3025.268,84.3
2015-01-22,84.6,84.5,86.0,6615.357,85.2
2015-01-23,85.6,85.2,86.5,6292.798,85.7
2015-01-26,85.7,85.4,86.5,4242.969,86.3
2015-01-27,86.5,86.1,87.2,3793.378,86.6
2015-01-28,86.4,86.0,86.5,2514.909,86.5
2015-01-29,86.0,85.0,86.3,2589.594,86.0
2015-01-30,86.1,85.6,86.4,2864.727,85.9
2015-02-02,86.0,85.2,86.3,2803.068,85.2
2015-02-03,85.2,83.9,85.2,6214.614,84.0
2015-02-04,84.2,83.5,84.7,4767.175,83.6
2015-02-05,83.7,83.2,84.3,3190.052,84.3
2015-02-06,84.3,82.8,84.3,4588.091,82.9
2015-02-09,82.8,81.2,82.8,5313.995,81.5
2015-02-10,81.8,81.2,82.0,2723.702,81.7
2015-02-11,81.8,79.8,82.0,6200.427,80.0
2015-02-12,80.0,78.5,80.5,6149.667,80.5
2015-02-13,80.5,80.3,81.2,3904.996,80.4
2015-02-24,81.1,80.1,81.8,3774.48,80.1
2015-02-25,80.1,79.8,80.6,2948.451,80.5
2015-02-26,80.5,79.8,81.0,3023.264,80.8
2015-03-02,80.9,78.9,81.0,4236.649,79.0
2015-03-03,79.0,77.7,79.3,5228.077,78.4
2015-03-04,78.3,78.3,80.3,6463.587,79.2
2015-03-05,79.3,78.6,81.2,6485.487,80.6
2015-03-06,80.7,79.8,81.9,5889.389,81.5
2015-03-09,81.1,80.5,81.1,2238.353,80.6
2015-03-10,80.5,79.4,80.7,3429.623,79.7
2015-03-11,79.5,79.1,80.8,5533.183,80.0
2015-03-12,80.0,79.8,81.1,5565.163,80.3
2015-03-13,80.4,79.7,80.8,3461.887,79.7
2015-03-16,79.7,79.2,80.0,2248.132,79.2
2015-03-17,79.5,79.5,81.4,4370.857,80.0
2015-03-18,80.0,79.7,80.4,3517.588,80.1
2015-03-19,80.2,80.1,81.9,7513.753,81.1
2015-03-20,81.3,81.3,84.0,13547.845,83.7
2015-03-23,83.9,83.7,85.2,10441.637,84.0
2015-03-24,84.0,83.0,84.0,4938.105,83.3
2015-03-25,83.3,82.3,83.6,4294.35,82.5
2015-03-26,82.0,81.6,83.6,5802.334,83.5
2015-03-27,83.5,82.1,83.6,5878.939,82.2
2015-03-30,83.5,83.2,85.4,14151.464,83.5
2015-03-31,83.9,82.9,84.9,11775.701,84.0
2015-04-01,84.5,84.1,85.0,7699.077,84.5
2015-04-02,84.7,84.7,86.4,15901.475,86.1
2015-04-07,86.5,86.3,88.5,14343.276,88.2
2015-04-08,88.8,87.2,88.9,7870.795,87.8
2015-04-09,88.0,86.9,88.5,6721.088,87.5
2015-04-10,87.9,87.5,88.5,6871.753,88.0
2015-04-13,88.0,86.0,88.0,5883.153,87.0
2015-04-14,87.0,87.0,87.9,4687.159,87.2
2015-04-15,87.2,86.2,87.5,7369.278,86.2
2015-04-16,86.7,86.7,88.0,6429.519,87.8
2015-04-17,87.8,87.1,87.9,3314.266,87.5
2015-04-20,87.5,86.5,87.5,3020.817,87.0
2015-04-21,87.2,86.7,88.5,7082.596,87.1
2015-04-22,87.1,86.2,87.9,5153.451,87.8
2015-04-23,88.0,87.0,88.5,8283.275,87.9
2015-04-24,88.2,87.9,89.8,10862.719,88.2
2015-04-27,88.5,88.4,90.0,10000.763,89.9
2015-04-28,89.9,89.2,90.1,8215.089,90.0
2015-04-29,89.9,87.0,89.9,9097.958,87.4
2015-04-30,87.7,87.5,88.1,4086.551,87.5
2015-05-04,87.7,86.5,88.0,4018.754,87.0
2015-05-05,87.0,86.2,87.3,3245.261,87.1
2015-05-06,86.8,86.3,87.9,4085.658,87.2
2015-05-07,87.2,86.8,88.6,4762.961,88.4
2015-05-08,88.4,88.1,88.8,4726.662,88.7
2015-05-11,90.0,90.0,92.3,15549.329,91.1
2015-05-12,91.1,89.0,91.1,7476.626,90.4
2015-05-13,90.5,90.5,94.5,20179.175,93.9
2015-05-14,93.9,93.0,94.6,15760.931,93.9
2015-05-15,94.5,92.4,94.9,13283.739,92.6
2015-05-18,94.0,93.8,97.0,21182.899,96.7
2015-05-19,97.5,97.1,99.8,20359.234,99.4
2015-05-20,99.4,98.2,99.5,10365.711,98.6
2015-05-21,98.1,97.3,101.0,13865.219,98.5
2015-05-22,98.5,98.5,102.0,15203.745,101.0
2015-05-25,101.5,101.0,108.0,24884.356,107.0
2015-05-26,107.0,105.0,108.0,14453.934,106.0
2015-05-27,105.0,103.5,107.5,12766.226,107.5
2015-05-28,108.5,107.0,110.5,15864.731,108.0
2015-05-29,108.5,107.0,109.0,10491.379,108.0
2015-06-01,107.5,105.0,107.5,6909.288,106.5
2015-06-02,106.5,106.0,114.0,18190.361,110.0
2015-06-03,111.0,111.0,114.0,13628.98,113.0
2015-06-04,112.0,103.5,113.0,20767.652,104.5
2015-06-05,104.5,102.0,107.5,14085.236,107.5
2015-06-08,107.5,104.0,111.0,12037.113,109.0
2015-06-09,109.0,103.5,110.0,10999.171,104.0
2015-06-10,106.5,105.5,108.5,7902.002,105.5
2015-06-11,105.0,102.5,106.5,10651.983,104.5
2015-06-12,104.5,103.0,105.5,6275.827,104.0
2015-06-15,104.5,104.0,108.0,8538.039,106.0
2015-06-16,105.5,103.0,106.0,6580.279,103.0
2015-06-17,104.0,103.0,107.0,6959.458,104.5
2015-06-18,105.5,104.0,107.0,6405.474,107.0
2015-06-22,109.5,109.0,111.0,10460.746,109.5
2015-06-23,111.5,109.0,112.5,7516.282,109.0
2015-06-24,109.0,109.0,110.5,4276.034,109.5
2015-06-25,111.0,110.0,113.5,14171.819,110.0
2015-06-26,112.0,110.0,112.5,6493.047,110.5
2015-06-29,108.0,106.0,108.5,8929.243,108.5
2015-06-30,108.5,107.5,112.0,9764.208,112.0
2015-07-01,112.5,111.5,120.0,25200.424,118.5
2015-07-02,119.0,117.0,119.5,11065.261,118.0
2015-07-03,118.0,115.5,118.5,7720.587,118.5
2015-07-06,117.5,116.5,121.5,9654.572,117.0
2015-07-07,118.5,115.0,119.5,6837.598,117.5
2015-07-08,117.5,106.0,117.5,18614.023,107.0
2015-07-09,103.5,100.0,110.0,17083.82,110.0
2015-07-13,104.0,103.0,107.0,15854.412,106.0
2015-07-14,107.5,107.5,110.5,14413.084,107.5
2015-07-15,109.5,108.0,110.0,7237.272,109.5
2015-07-16,109.0,107.0,111.5,8165.563,110.5
2015-07-17,110.0,108.0,110.5,4354.428,108.0
2015-07-20,109.5,102.5,110.0,10195.905,104.5
2015-07-21,105.5,104.0,107.0,5628.469,107.0
2015-07-22,103.5,101.0,104.0,13503.868,101.5
2015-07-23,100.0,94.4,102.0,16354.356,97.1
2015-07-24,96.0,96.0,99.0,9372.978,97.1
2015-07-27,96.8,92.8,97.8,7284.929,93.0
2015-07-28,93.0,91.3,96.9,8227.875,96.3
2015-07-29,96.3,92.8,96.3,7983.579,96.1
2015-07-30,96.0,94.1,97.7,5530.475,94.4
2015-07-31,94.6,94.2,96.2,6093.926,96.0
2015-08-03,94.6,93.0,95.0,5222.867,93.0
2015-08-04,94.3,84.9,94.4,10679.965,88.8
2015-08-05,89.8,89.0,93.0,8941.71,93.0
2015-08-06,94.5,94.1,96.2,12279.892,94.9
2015-08-07,94.4,94.0,96.0,5264.8,94.5
2015-08-10,95.9,94.9,98.0,6624.941,97.7
2015-08-11,100.0,96.2,102.0,10092.112,96.3
2015-08-12,96.3,93.5,96.4,5839.18,93.9
2015-08-13,96.0,96.0,102.5,16600.426,101.5
2015-08-14,100.5,99.0,102.0,5619.775,101.0
2015-08-17,100.5,99.2,101.0,2966.233,99.5
2015-08-18,100.5,100.0,102.5,6944.773,102.0
2015-08-19,101.0,98.6,101.0,8164.007,101.0
2015-08-20,100.0,96.6,101.0,7250.411,98.7
2015-08-21,96.5,92.8,97.3,8542.396,93.0
2015-08-24,88.5,83.7,89.7,15219.385,84.7
2015-08-25,82.7,82.7,89.9,8748.15,89.0
2015-08-26,88.0,86.1,92.5,11874.952,91.2
2015-08-27,91.7,88.7,91.7,11655.052,90.0
2015-08-28,91.6,91.6,93.6,8504.809,92.0
2015-08-31,92.1,90.6,92.2,6478.493,91.5
2015-09-01,91.7,91.5,93.6,5294.614,92.3
2015-09-02,91.9,90.9,93.8,6033.657,93.2
2015-09-03,93.6,91.7,94.4,6675.234,91.7
2015-09-04,91.8,89.0,92.0,5739.67,89.2
2015-09-07,90.5,89.7,91.9,5076.431,90.1
2015-09-08,91.0,90.0,91.4,3062.773,90.1
2015-09-09,92.4,92.4,97.4,14092.564,96.6
2015-09-10,95.5,93.8,96.2,7404.072,96.2
2015-09-11,96.2,95.5,97.7,8050.476,95.9
2015-09-14,97.4,95.2,97.4,5776.683,95.5
2015-09-15,96.0,94.1,96.4,3624.622,94.2
2015-09-16,95.0,94.2,95.8,3210.671,95.0
2015-09-17,96.0,95.9,97.6,5941.37,96.8
2015-09-18,96.7,96.3,97.5,4806.905,96.3
2015-09-21,94.7,92.7,94.9,6145.424,93.6
2015-09-22,94.4,92.6,94.5,4710.531,94.1
2015-09-23,93.1,92.3,93.5,4936.006,92.4
2015-09-24,93.1,90.5,93.6,5730.772,90.6
2015-09-25,91.6,89.8,91.6,4274.834,90.6
2015-09-30,90.0,90.0,94.2,8694.359,94.2
2015-10-01,95.0,93.1,95.2,6059.074,94.4
2015-10-02,94.0,93.1,94.6,3658.668,94.0
2015-10-05,94.6,93.3,94.6,3833.857,93.5
2015-10-06,94.7,94.7,97.3,10065.605,95.7
2015-10-07,95.7,95.0,98.3,11347.034,97.2
2015-10-08,97.3,95.7,97.8,7444.577,96.6
2015-10-12,96.0,92.0,96.0,14647.552,93.0
2015-10-13,93.0,91.8,94.0,8223.999,92.3
2015-10-14,92.4,91.1,92.4,6184.25,91.2
2015-10-15,92.0,91.5,92.5,6283.876,91.5
2015-10-16,92.2,91.5,93.1,5054.483,92.5
2015-10-19,92.2,89.5,92.3,10348.148,89.5
2015-10-20,89.6,87.3,89.8,12299.828,87.7
2015-10-21,88.6,88.1,88.9,5187.168,88.4
2015-10-22,88.4,88.1,89.0,3385.869,88.3
2015-10-23,89.5,87.9,89.9,6734.4,87.9
2015-10-26,89.0,89.0,90.0,8232.476,89.9
2015-10-27,89.0,88.3,89.6,5988.776,88.4
2015-10-28,89.1,87.6,89.2,5073.963,87.8
2015-10-29,88.5,85.1,88.6,11055.085,85.3
2015-10-30,86.5,84.2,86.5,9329.443,85.4
2015-11-02,85.9,84.6,87.0,4666.481,86.0
2015-11-03,86.3,86.1,87.2,7193.299,86.2
2015-11-04,86.8,86.0,87.2,9115.141,86.4
2015-11-05,86.7,86.5,88.4,8008.418,87.5
2015-11-06,87.6,86.0,88.0,8105.58,86.0
2015-11-09,86.0,85.0,86.9,5630.362,85.2
2015-11-10,84.8,83.2,84.9,8195.891,84.0
2015-11-11,80.0,77.7,81.0,24181.321,78.6
2015-11-12,79.4,77.5,79.8,10988.191,78.7
2015-11-13,77.7,77.6,79.2,5141.406,78.2
2015-11-16,76.5,76.3,78.1,8528.67,76.6
2015-11-17,77.7,77.0,78.1,10550.11,77.0
2015-11-18,77.0,74.4,77.2,13288.287,74.7
2015-11-19,75.6,74.7,76.3,13477.081,75.1
2015-11-20,75.1,74.5,75.7,11176.829,75.2
2015-11-23,75.8,75.4,76.9,8312.892,76.3
2015-11-24,76.3,74.6,76.3,8209.349,74.6
2015-11-25,74.6,72.0,74.9,21397.676,72.5
2015-11-26,72.9,72.2,74.3,10127.755,74.3
2015-11-27,74.5,74.0,75.0,7351.725,75.0
2015-11-30,73.6,72.8,73.8,8478.111,73.2
2015-12-01,73.3,72.6,74.1,10568.979,73.7
2015-12-02,73.6,73.5,74.8,10062.241,73.5
2015-12-03,73.1,72.9,73.6,6705.463,73.0
2015-12-04,72.7,71.8,72.9,7470.778,72.9
2015-12-07,73.6,73.2,74.1,5299.649,73.2
2015-12-08,73.2,72.0,73.5,5730.97,72.1
2015-12-09,71.7,70.6,71.8,10249.373,70.6
2015-12-10,70.0,69.6,70.8,11063.85,69.7
2015-12-11,69.6,69.1,71.2,9459.733,69.2
2015-12-14,68.6,67.2,68.8,9950.113,67.3
2015-12-15,67.3,66.3,68.0,13792.993,66.5
2015-12-16,67.4,66.6,67.9,8652.818,67.6
2015-12-17,68.3,68.1,71.8,14538.461,71.7
2015-12-18,70.1,69.8,70.8,8687.607,69.8
2015-12-21,68.5,68.5,70.5,5002.878,70.1
2015-12-22,71.0,70.1,71.5,4197.602,70.1
2015-12-23,70.2,70.1,71.1,4214.212,70.2
2015-12-24,71.2,70.5,71.3,4225.51,70.5
2015-12-25,71.0,70.2,71.2,2943.737,71.2
2015-12-28,71.6,71.2,72.2,6441.0,71.3
2015-12-29,71.3,70.2,71.3,4113.964,70.2
2015-12-30,70.6,69.2,70.7,4929.164,69.4
2015-12-31,69.4,68.8,69.9,2694.701,69.6
2016-01-04,69.5,68.0,69.7,6431.043,68.0
2016-01-05,67.8,67.0,68.0,7511.534,67.0
2016-01-06,66.5,63.6,66.6,18333.667,64.1
2016-01-07,63.5,63.0,64.9,10559.183,64.0
2016-01-08,63.2,63.2,64.2,7426.965,63.8
2016-01-11,62.6,61.0,62.7,9122.65,61.0
2016-01-12,61.5,59.6,62.2,12637.188,59.7
2016-01-13,60.5,58.6,61.4,14629.919,59.4
2016-01-14,58.4,57.2,58.9,12081.039,58.5
2016-01-15,59.8,58.5,60.0,6752.302,58.7
2016-01-18,57.9,57.5,61.6,8432.596,61.5
2016-01-19,61.5,61.0,62.8,6909.695,62.6
2016-01-20,62.4,60.0,62.5,6539.384,60.0
2016-01-21,60.3,59.7,60.9,7365.943,60.0
2016-01-22,60.7,60.3,61.3,4136.427,60.8
2016-01-25,62.0,61.6,62.6,5838.741,62.0
2016-01-26,61.3,61.1,61.6,3454.886,61.1
2016-01-27,61.9,60.9,61.9,4360.634,61.5
2016-01-28,60.3,60.3,61.5,5076.849,60.8
2016-01-29,60.9,60.9,64.5,13108.113,63.8
2016-01-30,65.2,64.5,65.3,5122.3,64.7
2016-02-01,64.6,64.2,65.2,4730.854,64.7
2016-02-02,64.7,63.6,64.7,4804.152,64.5
2016-02-03,64.4,63.5,64.6,5312.017,63.9
2016-02-15,62.5,62.5,63.0,5175.586,62.5
2016-02-16,63.1,62.8,64.5,4695.084,64.3
2016-02-17,65.0,64.1,65.0,4283.241,64.2
2016-02-18,64.6,64.6,65.4,5583.767,64.9
2016-02-19,64.4,63.5,64.6,6127.101,63.8
2016-02-22,64.3,63.8,65.3,4801.235,65.0
2016-02-23,65.8,65.5,66.2,6195.379,66.0
2016-02-24,65.5,65.0,65.8,4799.098,65.2
2016-02-25,65.4,65.3,66.6,7839.913,65.4
2016-02-26,65.4,65.0,65.7,4847.726,65.5
2016-03-01,66.1,65.7,66.5,5729.704,66.2
2016-03-02,67.3,67.2,69.5,15702.59,69.3
2016-03-03,70.7,70.6,71.7,24436.162,71.0
2016-03-04,71.5,70.6,72.0,14425.26,71.7
2016-03-07,72.0,70.5,72.3,9407.456,70.6
2016-03-08,71.0,70.1,72.2,8263.934,72.2
2016-03-09,72.1,71.1,72.1,6344.507,71.8
2016-03-10,71.8,71.2,72.0,4687.587,71.5
2016-03-11,71.2,70.6,71.4,5308.417,71.0
2016-03-14,72.0,71.4,72.5,8270.475,72.5
2016-03-15,72.7,70.7,72.8,9180.983,70.9
2016-03-16,71.5,71.2,72.7,7811.84,72.3
2016-03-17,73.3,72.1,73.7,9651.194,72.4
2016-03-18,72.7,72.6,73.3,7363.76,73.0
2016-03-21,73.5,72.3,73.6,4202.392,72.8
2016-03-22,72.7,71.0,72.7,5928.723,71.8
2016-03-23,72.0,70.8,72.4,5537.54,71.4
2016-03-24,71.1,70.6,71.9,4877.75,71.9
2016-03-25,72.0,71.1,72.0,1969.616,71.1
2016-03-28,71.5,71.1,72.0,3683.194,71.2
2016-03-29,71.4,69.8,71.8,6604.155,69.8
2016-03-30,,,,0.0,
2016-03-31,73.8,71.4,73.9,17073.953,72.2
2016-04-01,72.4,71.6,72.4,6423.107,72.4
2016-04-06,71.9,71.1,72.4,6874.179,72.4
2016-04-07,72.4,70.8,72.5,5014.705,70.9
2016-04-08,70.9,70.4,71.5,3350.821,71.1
2016-04-11,71.0,70.6,71.9,3532.014,71.6
2016-04-12,71.5,71.2,72.3,4162.128,71.8
2016-04-13,72.0,71.9,72.6,6512.632,72.4
2016-04-14,73.0,72.6,73.2,6374.654,72.8
2016-04-15,72.9,72.0,73.0,3317.611,72.8
2016-04-18,72.8,72.2,72.9,2381.995,72.5
2016-04-19,72.1,70.6,72.9,6625.324,70.6
2016-04-20,70.5,68.6,71.0,8014.365,68.8
2016-04-21,69.8,69.0,70.4,3477.924,70.1
2016-04-22,70.1,69.0,70.5,2934.33,69.7
2016-04-25,69.6,69.2,70.1,1472.678,69.7
2016-04-26,69.5,69.2,70.0,2009.617,69.3
2016-04-27,69.0,68.5,69.6,3945.736,69.2
2016-04-28,69.0,67.2,69.3,5095.843,68.0
2016-04-29,67.0,66.5,67.6,5159.284,66.6
2016-05-03,66.6,66.1,67.3,3026.688,66.8
2016-05-04,66.8,66.2,67.2,3606.732,66.8
2016-05-05,66.5,64.3,66.7,4945.724,64.5
2016-05-06,63.6,62.6,64.0,5361.027,62.8
2016-05-09,63.0,63.0,64.5,3265.129,64.3
2016-05-10,64.0,63.4,65.8,3697.136,64.9
2016-05-11,65.6,65.0,66.0,4418.346,65.6
2016-05-12,65.5,64.4,65.8,2824.366,64.6
2016-05-13,65.7,64.4,66.2,6706.353,65.6
2016-05-16,65.6,65.5,67.2,4670.217,67.1
2016-05-17,67.7,67.2,69.5,5595.46,69.4
2016-05-18,69.3,68.5,71.2,7367.058,71.2
2016-05-19,71.6,70.0,71.7,5482.261,70.8
2016-05-20,71.4,70.3,71.4,4144.289,70.7
2016-05-23,71.0,70.8,73.4,7883.331,71.9
2016-05-24,72.4,71.9,72.5,6596.86,72.4
2016-05-25,73.0,72.6,73.9,8163.345,72.9
2016-05-26,73.3,72.3,73.3,3001.063,72.7
2016-05-27,73.2,72.6,73.5,3704.717,73.1
2016-05-30,73.5,73.1,73.5,3456.198,73.4
2016-05-31,73.8,73.7,74.5,12834.323,74.5
2016-06-01,74.5,74.2,74.8,3348.338,74.5
2016-06-02,74.7,73.5,74.8,4169.452,73.8
2016-06-03,74.0,73.7,74.7,3716.947,74.5
2016-06-04,74.5,74.0,74.6,893.329,74.4
2016-06-06,74.4,73.3,75.0,3202.129,74.4
2016-06-07,74.5,74.2,75.0,6355.871,75.0
2016-06-08,75.0,74.9,75.7,6218.475,75.1
2016-06-13,74.8,73.5,75.0,5671.04,73.8
2016-06-14,73.8,73.8,75.5,5601.624,75.4
2016-06-15,75.0,74.7,76.1,5238.484,76.1
2016-06-16,75.4,74.7,75.7,3562.477,74.9
2016-06-17,75.4,73.4,75.5,4507.226,73.5
2016-06-20,74.1,73.8,74.4,2584.196,74.2
2016-06-21,74.3,73.1,74.5,3661.782,73.8
2016-06-22,73.9,73.8,75.0,4179.893,75.0
2016-06-23,75.2,74.8,75.8,4825.039,75.4
2016-06-24,76.0,72.8,76.0,5809.236,73.0
2016-06-27,72.5,72.3,73.6,2329.874,72.8
2016-06-28,72.8,72.1,73.5,2459.764,72.9
2016-06-29,73.8,73.0,73.8,1949.46,73.4
2016-06-30,74.2,73.7,75.4,5379.553,75.4
2016-07-01,75.5,75.0,75.6,2858.439,75.0
2016-07-04,75.0,74.5,75.4,2493.285,75.0
2016-07-05,74.7,74.0,74.9,1423.944,74.2
2016-07-06,73.8,73.0,73.8,3856.319,73.0
2016-07-07,73.4,73.4,73.7,957.186,73.4
2016-07-11,74.2,74.0,74.9,2641.586,74.1
2016-07-12,74.1,74.1,75.5,4182.402,75.5
2016-07-13,75.7,75.2,76.5,6532.281,76.5
2016-07-14,76.7,76.0,76.7,2798.526,76.5
2016-07-15,76.7,76.5,77.8,5130.523,77.5
2016-07-18,78.0,77.3,78.4,3646.598,78.4
2016-07-19,78.7,77.6,78.8,3880.686,78.3
2016-07-20,77.8,77.1,78.2,3899.425,77.5
2016-07-21,78.0,77.6,78.8,4751.247,78.6
2016-07-22,78.6,78.0,78.6,2138.295,78.4
2016-07-25,78.8,76.8,78.9,2564.915,77.6
2016-07-26,77.3,77.1,78.3,2091.044,78.0
2016-07-27,78.5,78.1,78.8,3688.176,78.2
2016-07-28,78.3,77.7,78.8,3241.18,78.8
2016-07-29,78.3,77.3,78.8,2700.657,77.3
2016-08-01,77.8,77.3,78.3,2465.754,77.7
2016-08-02,77.9,77.5,77.9,1766.856,77.6
2016-08-03,76.5,76.5,78.3,2466.458,78.0
2016-08-04,78.4,77.8,78.5,2007.551,78.2
2016-08-05,78.5,77.2,78.5,2010.042,78.0
2016-08-08,78.4,77.8,78.8,3288.79,78.8
2016-08-09,79.3,78.8,79.5,3651.578,79.2
2016-08-10,79.4,78.7,79.5,2519.384,79.5
2016-08-11,79.4,78.3,79.4,3903.79,79.1
2016-08-12,79.1,78.7,80.0,6165.87,79.9
2016-08-15,80.2,79.4,84.4,11531.409,84.3
2016-08-16,84.3,83.0,85.0,7565.425,83.5
2016-08-17,83.3,83.1,84.5,4918.019,83.5
2016-08-18,84.3,83.9,85.0,4761.825,84.3
2016-08-19,84.8,84.0,85.2,6971.932,84.7
2016-08-22,85.0,82.6,85.0,4939.815,84.4
2016-08-23,84.6,83.8,84.8,2425.628,84.2
2016-08-24,84.7,84.6,87.4,9319.452,86.7
2016-08-25,87.5,87.3,89.0,11650.299,89.0
2016-08-26,89.5,87.5,89.5,7196.437,89.2
2016-08-29,89.5,88.5,90.4,6416.922,89.7
2016-08-30,90.0,88.9,90.0,5734.586,89.4
2016-08-31,89.4,88.0,89.7,10760.296,89.0
2016-09-01,88.9,87.0,88.9,8913.241,87.1
2016-09-02,83.9,80.0,84.2,10642.509,83.4
2016-09-05,84.9,84.6,85.9,4708.882,85.0
2016-09-06,85.6,85.3,87.4,6294.323,87.3
2016-09-07,87.1,86.2,87.4,4458.895,86.6
2016-09-08,87.2,86.2,87.2,3549.729,86.6
2016-09-09,85.9,85.1,86.0,3260.427,86.0
2016-09-10,83.9,83.8,84.9,2072.461,84.5
2016-09-12,84.0,81.4,84.3,4323.99,81.4
2016-09-13,82.0,79.8,82.5,4834.455,80.6
2016-09-14,80.7,80.7,83.9,7256.357,83.5
2016-09-19,86.5,86.3,89.4,13953.341,89.2
2016-09-20,88.9,87.8,89.6,7604.884,89.5
2016-09-21,88.8,88.5,89.7,5015.091,89.7
2016-09-22,90.4,89.4,92.5,10445.274,89.7
2016-09-23,90.9,89.7,91.5,5272.404,89.7
2016-09-26,89.0,88.4,89.4,2593.699,88.8
2016-09-29,90.3,90.3,91.6,10938.14,91.6
2016-09-30,91.1,90.4,92.5,6788.69,91.8
2016-10-03,92.9,91.0,93.1,4352.951,91.2
2016-10-04,91.5,91.2,93.0,7486.087,93.0
2016-10-05,93.0,92.8,94.4,6707.681,93.5
2016-10-06,93.7,92.4,93.7,3492.015,93.4
2016-10-07,93.9,92.2,93.9,2936.946,92.6
2016-10-11,93.9,91.9,94.3,6906.405,93.7
2016-10-12,92.2,91.4,93.3,6267.045,92.6
2016-10-13,93.0,91.0,93.2,5378.22,91.0
2016-10-14,91.0,89.8,91.5,6244.412,91.0
2016-10-17,91.0,90.2,92.0,3227.937,92.0
2016-10-18,92.0,91.6,92.9,4690.994,92.9
2016-10-19,93.0,92.9,95.5,14079.879,95.5
2016-10-20,95.7,95.0,96.5,4007.122,95.5
2016-10-21,95.5,95.2,96.9,5487.644,96.4
2016-10-24,95.2,94.9,95.9,3496.252,94.9
2016-10-25,95.0,94.6,95.8,2535.389,94.8
2016-10-26,94.5,93.0,94.5,5970.285,93.1
2016-10-27,93.0,91.9,93.8,4265.797,92.1
2016-10-28,92.1,89.8,92.1,6323.438,91.5
2016-10-31,90.5,89.9,92.0,3447.107,91.6
2016-11-01,91.0,90.7,92.0,1746.999,91.0
2016-11-02,90.5,88.2,90.5,4657.448,88.5
2016-11-03,88.0,87.8,89.4,2760.993,88.7
2016-11-04,88.7,88.2,91.0,3805.407,90.2
2016-11-07,90.6,90.4,91.2,3225.056,90.8
2016-11-08,91.5,90.5,92.0,3829.642,91.9
2016-11-09,92.5,87.9,92.8,6277.291,88.4
2016-11-10,91.0,89.8,91.0,3382.806,91.0
2016-11-11,88.5,83.5,88.5,9766.119,83.7
2016-11-14,83.8,80.7,84.6,5610.894,81.3
2016-11-15,80.9,80.9,83.0,4155.242,81.3
2016-11-16,82.7,82.5,84.5,4570.064,83.0
2016-11-17,83.2,82.0,84.3,3641.719,83.0
2016-11-18,83.0,82.2,83.9,3076.302,83.5
2016-11-21,84.5,82.5,84.5,2997.111,83.0
2016-11-22,83.0,83.0,84.4,3832.63,83.6
2016-11-23,83.9,83.6,84.6,3775.749,84.6
2016-11-24,84.5,83.1,84.5,2576.546,83.3
2016-11-25,83.0,81.6,83.5,4360.214,81.8
2016-11-28,82.8,81.8,83.2,3832.778,82.2
2016-11-29,82.4,82.4,84.5,4655.059,84.0
2016-11-30,84.0,82.0,84.7,10141.576,83.6
2016-12-01,83.4,82.2,83.5,6250.359,82.3
2016-12-02,82.4,81.8,82.8,3070.486,82.8
2016-12-05,82.8,82.0,83.3,3018.809,82.9
2016-12-06,83.3,82.5,83.5,3520.67,82.7
2016-12-07,83.3,83.0,83.7,3462.597,83.6
2016-12-08,84.4,84.2,85.5,6671.766,85.5
2016-12-09,86.0,85.0,86.2,5199.411,86.0
2016-12-12,85.5,85.2,86.4,3391.307,85.6
2016-12-13,85.6,85.4,86.4,3294.803,86.2
2016-12-14,87.0,86.0,87.1,4420.372,86.7
2016-12-15,86.7,85.6,86.7,3373.662,86.3
2016-12-16,86.3,85.3,86.7,3384.889,85.3
2016-12-19,85.3,83.6,85.9,3017.7,83.7
2016-12-20,83.5,83.2,84.3,2365.989,83.6
2016-12-21,84.0,83.7,84.5,1435.363,83.7
2016-12-22,83.7,83.0,83.9,1680.42,83.0
2016-12-23,82.8,82.6,83.3,1353.51,82.7
2016-12-26,83.3,82.7,83.3,778.36,83.0
2016-12-27,83.1,82.8,84.6,1737.345,84.0
2016-12-28,84.4,84.4,85.4,2314.494,85.0
2016-12-29,84.7,84.3,85.5,1769.54,85.0
2016-12-30,85.4,84.9,85.8,1512.87,85.3
2017-01-03,85.5,84.8,85.7,1153.436,85.5
2017-01-04,85.9,85.2,86.0,1897.651,85.5
2017-01-05,85.3,84.8,85.8,2484.307,85.3
2017-01-06,85.1,85.0,85.8,2247.201,85.0
2017-01-09,85.8,85.4,85.8,1644.83,85.6
2017-01-10,85.8,85.2,86.0,1406.04,85.5
2017-01-11,85.0,84.5,85.8,2776.811,85.6
2017-01-12,85.3,84.0,85.5,3611.723,84.8
2017-01-13,85.0,84.7,85.5,1708.398,85.4
2017-01-16,85.0,83.8,85.0,1193.693,84.7
2017-01-17,84.7,84.3,85.5,1099.357,85.5
2017-01-18,85.5,85.2,86.6,3279.895,85.7
2017-01-19,85.5,84.8,86.0,3629.35,85.9
2017-01-20,85.2,84.6,85.6,1981.875,84.6
2017-01-23,85.3,85.2,88.2,7310.045,87.2
2017-01-24,87.5,87.2,88.7,4346.463,87.9
2017-02-02,89.4,88.1,89.9,7295.327,88.6
2017-02-03,88.6,87.3,89.3,5229.054,88.4
2017-02-06,89.2,89.0,89.9,4410.98,89.4
2017-02-07,89.5,88.9,89.9,2118.636,89.8
2017-02-08,89.9,89.4,94.9,12624.378,94.0
2017-02-09,93.8,92.2,93.8,8464.413,92.7
2017-02-10,93.1,92.5,95.0,7658.82,92.6
2017-02-13,95.5,94.5,96.0,8581.067,94.9
2017-02-14,94.9,94.9,97.8,11696.892,96.1
2017-02-15,97.0,96.5,97.6,7717.829,97.1
2017-02-16,97.1,94.7,97.6,6013.896,95.3
2017-02-17,95.5,94.8,96.0,2071.096,95.1
2017-02-18,95.5,94.9,95.8,1119.799,95.0
2017-02-20,95.4,95.0,96.7,3869.629,95.8
2017-02-21,96.1,94.7,96.5,2329.008,95.3
2017-02-22,96.0,95.1,96.1,3105.901,95.8
2017-02-23,95.8,92.8,95.9,9523.101,92.9
2017-02-24,92.6,90.7,92.7,7376.573,91.7
2017-03-01,91.7,91.6,94.0,6844.8,93.1
2017-03-02,94.0,91.0,94.0,5414.261,91.6
2017-03-03,91.6,91.0,92.2,3019.981,91.7
2017-03-06,91.7,91.6,93.0,3409.045,92.9
2017-03-07,93.0,92.1,93.2,3374.318,92.5
2017-03-08,92.6,92.0,92.8,3640.157,92.2
2017-03-09,92.5,91.3,92.5,2902.681,91.4
2017-03-10,92.0,90.7,92.7,3738.499,92.0
2017-03-13,92.0,91.2,93.0,2783.344,91.8
2017-03-14,92.4,91.9,93.4,4361.816,93.1
2017-03-15,93.1,92.7,93.8,3035.282,93.2
2017-03-16,93.8,92.7,94.4,4216.789,92.9
2017-03-17,93.5,93.0,94.2,4034.312,94.0
2017-03-20,93.4,93.4,95.5,4663.398,94.9
2017-03-21,95.4,95.0,95.9,4323.694,95.0
2017-03-22,94.0,93.8,94.9,2276.576,94.9
2017-03-23,95.2,94.7,95.4,2530.501,95.1
2017-03-24,95.1,93.8,95.1,2381.215,93.8
2017-03-27,93.1,92.6,94.3,1678.104,93.3
2017-03-28,93.9,93.2,94.4,2332.625,94.0
2017-03-29,94.0,93.3,94.2,1607.072,93.9
2017-03-30,93.0,92.9,93.5,2480.892,93.2
2017-03-31,92.9,92.5,93.4,3161.896,92.5
2017-04-05,92.8,92.8,96.5,10389.631,93.8
2017-04-06,93.6,92.0,93.8,6571.973,92.0
2017-04-07,91.8,90.6,92.7,5318.629,91.0
2017-04-10,91.0,91.0,91.7,1324.915,91.5
2017-04-11,91.6,90.5,92.0,3945.117,90.6
2017-04-12,90.5,89.0,90.6,5427.665,89.4
2017-04-13,89.4,89.4,91.5,3374.59,90.9
2017-04-14,90.9,89.5,90.9,2033.83,90.0
2017-04-17,90.0,89.0,90.5,3112.758,89.3
2017-04-18,89.6,89.0,90.0,3883.126,89.2
2017-04-19,88.6,87.2,88.7,5661.434,87.5
2017-04-20,87.3,87.0,89.4,7308.748,88.9
2017-04-21,89.3,89.3,90.8,4872.135,90.0
2017-04-24,90.4,88.6,90.8,3450.345,89.0
2017-04-25,89.3,89.0,89.8,5487.948,89.8
2017-04-26,90.3,89.8,90.6,6930.481,89.9
2017-04-27,90.3,90.1,91.5,4735.359,91.4
2017-04-28,91.8,91.1,92.4,4124.311,92.0
2017-05-02,92.5,91.5,94.0,8784.903,91.7
2017-05-03,92.0,91.9,92.9,3194.908,92.0
2017-05-04,92.4,91.6,92.7,2153.143,92.1
2017-05-05,91.5,91.1,91.7,3217.346,91.3
2017-05-08,91.9,90.6,92.1,2790.67,90.8
2017-05-09,91.4,90.9,93.6,8118.96,92.5
2017-05-10,92.5,91.6,92.5,4034.538,92.3
2017-05-11,92.0,90.3,92.0,6998.92,90.5
2017-05-12,90.5,89.5,90.6,5128.13,89.6
2017-05-15,90.1,89.9,90.6,2476.889,90.0
2017-05-16,90.3,88.8,90.3,3111.544,89.4
2017-05-17,88.9,88.0,89.0,5387.866,88.3
2017-05-18,87.5,86.9,88.0,3468.207,87.6
2017-05-19,87.6,87.5,88.5,4276.216,87.5
2017-05-22,87.6,87.0,87.6,5488.52,87.0
2017-05-23,87.0,87.0,88.1,4495.644,87.2
2017-05-24,87.3,87.0,87.5,4951.916,87.0
2017-05-25,87.1,87.0,87.8,3408.718,87.8
2017-05-26,87.8,87.0,87.8,5543.282,87.0
2017-05-31,86.1,85.2,86.7,9090.441,85.2
2017-06-01,85.5,85.5,86.7,3747.756,86.0
2017-06-02,86.5,85.2,86.5,7643.893,85.2
2017-06-03,85.7,85.4,86.5,2307.328,86.1
2017-06-05,86.3,86.3,87.7,6627.721,87.1
2017-06-06,87.1,86.7,87.8,5083.748,87.5
2017-06-07,87.1,87.1,87.5,3853.44,87.3
2017-06-08,87.1,86.5,87.2,6644.713,86.6
2017-06-09,86.4,86.2,87.0,5595.773,86.2
2017-06-12,85.2,85.1,85.8,6115.7,85.3
2017-06-13,85.4,85.2,85.8,3017.719,85.2
2017-06-14,85.2,83.8,85.5,7349.773,84.3
2017-06-15,83.5,83.0,83.9,7733.702,83.1
2017-06-16,83.0,83.0,84.9,6831.64,84.6
2017-06-19,86.1,86.0,90.3,27464.07,89.7
2017-06-20,90.2,88.8,91.8,20705.896,89.9
2017-06-21,89.8,88.8,90.3,8315.95,89.5
2017-06-22,90.5,89.2,90.9,6296.936,89.4
2017-06-23,90.3,89.6,91.6,12181.398,89.6
2017-06-26,90.1,89.8,92.4,18986.179,92.2
2017-06-27,93.5,93.5,95.9,28363.833,95.1
2017-06-28,95.5,93.5,95.5,14937.961,93.6
2017-06-29,94.5,92.5,94.7,10151.415,92.8
2017-06-30,92.0,91.0,92.0,8728.904,91.8
2017-07-03,92.0,91.8,92.5,5205.684,92.1
2017-07-04,92.2,91.5,92.5,4366.989,91.5
2017-07-05,91.5,90.5,92.0,6198.684,92.0
2017-07-06,92.0,91.0,92.1,5977.817,91.0
2017-07-07,90.5,90.3,91.0,4505.216,90.6
2017-07-10,90.7,90.7,91.6,5072.386,91.3
2017-07-11,95.5,94.1,95.5,26245.878,94.8
2017-07-12,95.5,95.2,96.0,24604.438,95.5
2017-07-13,92.6,92.3,93.4,17030.634,92.5
2017-07-14,92.9,92.0,92.9,6821.184,92.0
2017-07-17,92.1,91.0,92.5,7180.579,91.0
2017-07-18,91.4,91.0,91.9,4526.477,91.8
2017-07-19,92.3,91.3,92.5,5274.506,91.3
2017-07-20,91.8,91.5,92.2,3450.886,91.7
2017-07-21,91.6,91.0,91.7,4043.78,91.1
2017-07-24,91.0,90.5,91.4,2904.954,91.3
2017-07-25,91.5,90.9,92.2,4606.532,91.9
2017-07-26,92.2,91.0,92.2,3943.721,91.0
2017-07-27,91.8,91.4,92.3,5528.964,91.9
2017-07-28,92.0,91.1,92.0,2951.228,91.3
2017-07-31,91.3,90.5,91.5,3890.602,90.8
2017-08-01,91.0,90.9,91.7,2847.428,91.1
2017-08-02,91.9,91.9,93.5,15480.585,93.1
2017-08-03,93.9,93.3,95.5,24548.504,94.5
2017-08-04,94.5,93.0,94.5,7034.228,93.8
2017-08-07,94.4,94.3,99.0,27574.697,98.0
2017-08-08,101.0,98.3,102.0,33071.451,98.5
2017-08-09,97.8,95.7,98.9,13826.077,96.5
2017-08-10,97.4,94.6,98.0,13906.338,95.0
2017-08-11,93.6,93.6,96.3,9508.431,95.8
2017-08-14,96.8,93.1,96.8,10240.091,93.2
2017-08-15,94.7,93.6,95.3,7921.674,94.0
2017-08-16,94.1,93.8,95.0,5038.615,94.2
2017-08-17,94.9,94.6,96.5,5814.76,95.6
2017-08-18,94.7,94.1,94.8,5350.801,94.5
2017-08-21,95.0,93.7,95.0,3323.877,94.4
2017-08-22,95.0,94.8,96.4,4884.95,95.4
2017-08-23,96.3,95.0,96.5,4935.271,95.0
2017-08-24,95.0,94.5,96.0,4310.058,95.5
2017-08-25,96.2,94.6,96.2,5900.385,95.0
2017-08-28,95.8,94.8,96.5,6032.181,94.8
2017-08-29,95.2,94.4,96.2,6385.094,94.6
2017-08-30,95.5,95.0,95.8,4829.805,95.7
2017-08-31,97.0,95.8,97.7,10634.598,95.8
2017-09-01,96.8,96.0,97.3,7575.05,96.3
2017-09-04,96.1,95.5,97.4,6051.511,95.8
2017-09-05,96.5,95.8,96.8,6056.576,96.0
2017-09-06,96.0,95.8,97.7,11016.926,95.8
2017-09-07,96.9,93.9,97.1,10136.852,94.0
2017-09-08,94.0,93.8,95.0,7070.174,94.3
2017-09-11,95.9,95.1,96.3,7163.084,95.7
2017-09-12,96.1,95.3,96.3,5251.066,95.3
2017-09-13,95.8,94.0,95.8,6184.276,94.0
2017-09-14,94.9,94.0,95.3,5528.458,94.5
2017-09-15,95.1,94.5,96.0,8961.255,95.6
2017-09-18,96.3,94.8,96.6,7716.168,95.2
2017-09-19,95.1,92.5,95.2,7600.895,93.0
2017-09-20,93.0,90.6,93.0,9025.535,90.9
2017-09-21,90.5,90.1,92.4,8464.753,91.5
2017-09-22,91.3,89.0,91.3,10465.4,89.2
2017-09-25,88.3,86.1,88.5,10213.216,86.3
2017-09-26,86.3,85.9,88.0,5802.128,86.5
2017-09-27,86.9,86.1,87.5,5440.551,86.6
2017-09-28,87.0,86.5,87.4,3266.591,86.5
2017-09-29,86.8,86.0,87.5,3731.185,87.5
2017-09-30,87.9,87.8,88.8,2556.628,88.5
2017-10-02,88.6,87.7,88.7,3884.622,88.1
2017-10-03,88.5,87.8,88.9,3499.263,88.6
2017-10-05,89.1,88.4,89.8,3986.114,89.6
2017-10-06,90.2,89.6,90.2,4070.513,89.8
2017-10-11,90.3,90.0,91.4,6675.028,90.7
2017-10-12,92.0,91.8,95.0,22387.778,95.0
2017-10-13,94.9,93.5,96.0,8970.993,94.9
2017-10-16,94.9,94.5,96.6,8154.812,94.7
2017-10-17,95.4,93.9,95.7,5100.105,93.9
2017-10-18,94.3,92.6,94.8,4744.309,93.2
2017-10-19,94.3,93.2,94.7,5738.452,93.5
2017-10-20,93.4,92.6,94.5,7421.429,94.2
2017-10-23,94.2,93.6,95.5,4405.311,93.6
2017-10-24,93.6,92.8,94.1,5159.028,93.0
2017-10-25,93.8,92.9,94.0,3681.877,93.0
2017-10-26,93.0,93.0,95.5,7605.528,94.8
2017-10-27,95.5,92.0,95.5,5960.944,92.8
2017-10-30,95.0,93.3,95.1,7060.275,94.4
2017-10-31,94.7,94.5,96.3,17187.277,96.1
2017-11-01,95.5,94.2,95.6,9057.934,95.0
2017-11-02,94.2,94.1,94.8,3832.236,94.4
2017-11-03,94.5,94.0,96.0,6933.213,94.4
2017-11-06,94.8,93.8,95.3,5286.271,94.0
2017-11-07,94.2,93.7,94.8,4894.072,94.8
2017-11-08,94.5,94.0,95.4,6593.921,95.0
2017-11-09,94.3,92.8,94.6,8708.667,93.0
2017-11-10,92.6,91.0,92.6,6689.394,91.9
2017-11-13,92.3,91.6,93.0,7182.632,91.8
2017-11-14,86.1,86.1,89.2,19867.013,88.5
2017-11-15,88.3,87.0,88.5,10042.891,87.4
2017-11-16,87.5,86.7,88.1,6517.514,87.5
2017-11-17,88.2,88.2,89.6,6146.869,89.0
2017-11-20,89.0,87.5,89.2,5505.038,87.7
2017-11-21,87.9,87.5,88.4,4258.476,88.3
2017-11-22,88.5,87.6,88.5,5519.681,87.6
2017-11-23,88.0,87.6,88.6,3554.839,88.5
2017-11-24,87.6,87.6,88.1,4634.928,87.7
2017-11-27,87.8,86.3,87.8,7552.986,86.6
2017-11-28,86.5,85.1,87.0,8234.846,85.5
2017-11-29,85.6,84.4,86.2,7344.281,85.2
2017-11-30,85.2,83.4,85.2,7471.63,83.4
2017-12-01,83.8,81.1,84.8,10008.365,83.9
2017-12-04,83.9,82.5,84.4,3109.503,83.8
2017-12-05,83.8,82.7,84.3,2643.0,83.2
2017-12-06,83.2,82.8,84.6,5224.0,84.0
2017-12-07,84.7,83.8,86.3,6997.903,85.7
2017-12-08,85.9,84.0,86.4,4116.37,85.4
2017-12-11,86.1,85.8,87.0,3808.677,86.5
2017-12-12,86.4,85.5,86.4,2483.608,85.7
2017-12-13,85.6,85.4,86.3,2163.447,85.6
2017-12-14,86.6,85.6,86.8,2302.37,86.1
2017-12-15,86.2,84.5,86.2,4910.0,85.0
2017-12-18,85.8,84.9,85.8,1651.75,85.0
2017-12-19,85.0,83.3,85.5,4035.741,84.1
2017-12-20,83.2,83.2,85.1,4493.279,85.0
2017-12-21,85.0,84.5,85.6,5721.0,84.7
2017-12-22,84.9,84.2,85.5,2428.345,84.7
2017-12-25,85.1,83.3,85.1,2847.595,83.7
2017-12-26,83.8,82.1,84.0,3399.439,82.7
2017-12-27,82.8,82.8,83.3,1193.457,83.0
2017-12-28,83.5,83.4,84.6,1970.65,84.5
2017-12-29,84.9,84.5,85.4,2104.774,85.2
